i=134; acc=(0.08,-0.28,10.07); gyr=(-0.01,0.02,-0.0); mag=(-0.9,4.5,-38.1)
i=139; temp=14.88; pres=957.98; hum=45.84; alt=468.62
No GPS data 

i=1; acc=(5.83,0.84,8.1); gyr=(-0.01,0.02,0.0); mag=(4.65,5.7,-31.05)
i=2; temp=16.92; pres=958.05; hum=41.74; alt=468.0
No GPS data 

i=6; acc=(5.84,0.8,8.1); gyr=(-0.0,0.02,-0.0); mag=(4.8,5.4,-31.2)
i=7; temp=17.14; pres=958.07; hum=41.36; alt=467.82
No GPS data 

i=11; acc=(5.23,0.51,8.32); gyr=(0.03,-0.08,-0.02); mag=(4.65,4.5,-29.55)
i=13; temp=17.27; pres=958.02; hum=41.05; alt=468.21
No GPS data 

i=17; acc=(4.46,1.41,7.52); gyr=(0.05,0.33,0.26); mag=(-1.95,2.55,-35.85)
i=18; temp=17.25; pres=958.03; hum=40.98; alt=468.15
No GPS data 

i=22; acc=(4.45,0.77,7.98); gyr=(-0.08,0.22,-0.21); mag=(-9.9,-7.65,-39.3)
i=24; temp=17.15; pres=957.99; hum=41.0; alt=468.55
No GPS data 

i=49; acc=(4.81,2.34,8.54); gyr=(-0.06,0.24,0.05); mag=(-11.55,-14.55,-39.45)
i=51; temp=16.63; pres=957.99; hum=42.07; alt=468.47
No GPS data 

i=54; acc=(5.86,1.66,8.08); gyr=(-0.03,-0.07,-0.1); mag=(-11.1,-16.65,-39.3)
i=57; temp=16.71; pres=958.0; hum=42.19; alt=468.45
No GPS data 

i=59; acc=(4.97,1.37,8.34); gyr=(-0.05,0.12,-0.2); mag=(-11.1,-15.15,-39.3)
i=62; temp=16.76; pres=957.97; hum=42.16; alt=468.65
No GPS data 

i=65; acc=(5.27,1.21,7.03); gyr=(0.01,-0.1,0.07); mag=(-11.4,-13.05,-38.55)
i=68; temp=16.79; pres=958.01; hum=42.19; alt=468.34
No GPS data 

i=70; acc=(5.52,2.37,10.26); gyr=(0.03,0.32,0.07); mag=(-11.1,-15.45,-37.8)
i=73; temp=16.85; pres=958.02; hum=42.16; alt=468.24
No GPS data 

i=75; acc=(5.34,1.75,7.3); gyr=(0.01,-0.02,0.06); mag=(-10.35,-9.15,-38.85)
i=79; temp=16.82; pres=958.02; hum=42.16; alt=468.23
No GPS data 

i=81; acc=(5.31,2.06,8.99); gyr=(-0.29,-0.31,-0.22); mag=(-10.8,-10.95,-38.7)
i=84; temp=16.7; pres=957.99; hum=42.88; alt=468.47
No GPS data 

i=86; acc=(4.37,1.17,7.75); gyr=(0.06,0.24,-0.14); mag=(-12.15,-12.3,-39.3)
i=90; temp=16.66; pres=958.01; hum=42.92; alt=468.37
No GPS data 

i=91; acc=(6.15,1.93,9.61); gyr=(0.12,0.0,0.16); mag=(-12.45,-15.3,-39.0)
i=95; temp=16.64; pres=958.0; hum=42.85; alt=468.47
No GPS data 

i=97; acc=(5.88,2.93,8.35); gyr=(0.09,-0.1,0.03); mag=(-11.55,-14.1,-39.75)
i=101; temp=16.57; pres=957.97; hum=42.9; alt=468.65
No GPS data 

i=102; acc=(5.66,2.17,7.61); gyr=(0.01,0.03,0.01); mag=(-12.75,-14.85,-39.0)
i=106; temp=16.37; pres=958.07; hum=43.24; alt=467.78
No GPS data 

i=107; acc=(4.86,1.61,8.5); gyr=(-0.04,0.06,-0.15); mag=(-11.25,-16.05,-39.75)
i=112; temp=16.06; pres=958.02; hum=43.75; alt=468.23
No GPS data 

i=113; acc=(4.7,1.28,6.3); gyr=(0.08,0.34,0.02); mag=(-11.85,-15.45,-38.85)
i=117; temp=16.02; pres=958.02; hum=44.16; alt=468.22
No GPS data 

i=118; acc=(6.31,2.12,9.31); gyr=(0.1,0.02,0.15); mag=(-12.6,-16.2,-39.3)
i=123; temp=16.09; pres=958.03; hum=44.78; alt=468.14
No GPS data 

i=124; acc=(5.99,2.66,8.97); gyr=(-0.01,-0.19,0.16); mag=(-12.75,-16.5,-40.5)
i=128; temp=16.13; pres=958.06; hum=44.74; alt=467.86
No GPS data 

i=129; acc=(5.22,2.2,6.89); gyr=(-0.18,-0.07,0.22); mag=(-9.9,-10.35,-40.35)
i=134; temp=16.25; pres=958.06; hum=44.7; alt=467.9
No GPS data 

i=134; acc=(6.87,1.84,9.02); gyr=(0.42,0.24,0.62); mag=(-10.8,-22.35,-37.5)
i=139; temp=16.25; pres=958.06; hum=45.87; alt=467.9
No GPS data 

i=140; acc=(5.45,1.64,8.83); gyr=(-0.89,0.06,-0.66); mag=(14.7,-21.6,-18.6)
i=145; temp=16.14; pres=958.06; hum=46.08; alt=467.88
No GPS data 

i=145; acc=(5.49,1.67,8.23); gyr=(-0.03,0.01,-0.06); mag=(14.7,-9.75,-20.85)
i=150; temp=16.11; pres=958.06; hum=47.3; alt=467.87
No GPS data 

i=150; acc=(5.55,1.72,8.0); gyr=(0.03,0.12,-0.02); mag=(14.7,-9.45,-20.4)
i=155; temp=16.25; pres=958.06; hum=47.41; alt=467.87
No GPS data 

i=156; acc=(6.08,1.98,7.83); gyr=(0.0,-0.02,-0.0); mag=(14.85,-4.05,-22.05)
i=161; temp=16.29; pres=958.06; hum=47.4; alt=467.92
No GPS data 

i=161; acc=(5.86,1.18,7.3); gyr=(-0.51,0.13,-0.82); mag=(13.65,-2.1,-21.75)
i=166; temp=16.23; pres=958.09; hum=48.0; alt=467.66
No GPS data 

i=166; acc=(6.51,1.61,7.69); gyr=(-0.24,0.18,-0.18); mag=(14.7,-5.1,-23.4)
i=172; temp=16.24; pres=958.06; hum=47.82; alt=467.89
No GPS data 

i=172; acc=(5.86,1.8,7.79); gyr=(0.01,0.18,-0.02); mag=(15.15,-4.8,-21.75)
i=177; temp=16.26; pres=958.05; hum=47.34; alt=468.01
No GPS data 

i=177; acc=(5.39,1.87,8.37); gyr=(-0.02,-0.05,-0.02); mag=(14.85,-4.8,-23.25)
i=183; temp=16.36; pres=958.08; hum=47.0; alt=467.74
No GPS data 

i=182; acc=(5.09,2.41,8.13); gyr=(-0.0,0.04,0.03); mag=(15.45,-6.3,-24.15)
i=188; temp=16.47; pres=958.06; hum=46.95; alt=467.89
No GPS data 

i=188; acc=(5.27,1.95,9.28); gyr=(0.17,-0.13,0.03); mag=(12.6,-2.1,-26.55)
i=194; temp=16.48; pres=958.04; hum=47.09; alt=468.09
No GPS data 

i=193; acc=(4.37,1.77,8.99); gyr=(0.16,-0.03,0.14); mag=(14.85,-6.75,-26.25)
i=199; temp=16.44; pres=958.05; hum=47.55; alt=467.97
No GPS data 

i=198; acc=(4.58,1.88,8.69); gyr=(-0.12,0.03,0.19); mag=(13.65,-2.1,-27.75)
i=205; temp=16.33; pres=958.02; hum=47.9; alt=468.22
No GPS data 

i=204; acc=(5.18,1.09,8.52); gyr=(0.06,0.12,0.07); mag=(12.75,0.3,-25.65)
i=210; temp=16.46; pres=958.08; hum=47.94; alt=467.74
No GPS data 

i=209; acc=(4.97,1.08,8.43); gyr=(0.12,-0.14,0.14); mag=(16.65,-7.95,-20.55)
i=216; temp=16.57; pres=958.05; hum=47.96; alt=468.0
No GPS data 

i=214; acc=(5.5,2.07,9.13); gyr=(-0.75,0.09,-0.6); mag=(13.65,-25.35,-18.75)
i=221; temp=16.5; pres=957.98; hum=47.84; alt=468.64
No GPS data 

i=220; acc=(5.69,1.63,9.05); gyr=(-0.03,-0.22,0.08); mag=(8.85,-30.45,-20.25)
i=227; temp=16.3; pres=958.06; hum=47.8; alt=467.91
No GPS data 

i=225; acc=(5.5,2.08,7.91); gyr=(0.24,-0.11,0.08); mag=(-12.9,-15.9,-39.3)
i=232; temp=16.27; pres=958.02; hum=47.48; alt=468.29
No GPS data 

i=230; acc=(5.73,2.95,7.72); gyr=(0.16,0.09,0.15); mag=(-12.45,-19.65,-37.2)
i=238; temp=16.27; pres=958.06; hum=47.62; alt=467.93
No GPS data 

i=236; acc=(5.07,2.8,7.77); gyr=(0.2,0.06,0.23); mag=(-11.1,-15.15,-38.1)
i=243; temp=16.29; pres=957.99; hum=47.98; alt=468.55
No GPS data 

i=241; acc=(4.69,1.81,8.95); gyr=(-0.16,0.18,-0.25); mag=(16.5,-4.65,-22.65)
i=249; temp=16.38; pres=958.05; hum=48.29; alt=468.02
No GPS data 

i=246; acc=(5.18,2.28,8.64); gyr=(-0.04,-0.04,-0.02); mag=(15.6,-6.75,-22.8)
i=254; temp=16.36; pres=958.06; hum=48.4; alt=467.88
No GPS data 

i=252; acc=(5.21,1.93,8.14); gyr=(0.02,0.01,-0.02); mag=(16.35,-7.2,-21.75)
i=260; temp=16.56; pres=957.97; hum=48.22; alt=468.65
No GPS data 

i=257; acc=(5.0,2.59,8.69); gyr=(0.11,0.13,0.25); mag=(10.05,1.5,-29.7)
i=265; temp=16.56; pres=957.97; hum=48.14; alt=468.69
No GPS data 

i=262; acc=(5.98,2.4,9.46); gyr=(0.01,-0.17,-0.33); mag=(11.4,0.45,-27.0)
i=271; temp=16.34; pres=958.02; hum=48.04; alt=468.29
No GPS data 

i=268; acc=(5.86,1.8,6.84); gyr=(-0.08,0.27,-0.14); mag=(13.2,-2.25,-25.65)
i=276; temp=16.23; pres=957.95; hum=48.79; alt=468.88
No GPS data 

i=273; acc=(5.08,1.66,8.19); gyr=(-0.04,0.12,-0.03); mag=(15.9,-13.5,-20.25)
i=282; temp=16.29; pres=958.0; hum=48.38; alt=468.39
No GPS data 

i=278; acc=(5.28,1.99,8.42); gyr=(0.26,0.07,0.43); mag=(14.85,-6.75,-22.05)
i=287; temp=16.38; pres=957.97; hum=47.84; alt=468.64
No GPS data 

i=284; acc=(4.65,2.31,8.12); gyr=(-0.01,-0.03,0.09); mag=(13.65,-22.95,-18.75)
i=293; temp=16.44; pres=958.0; hum=47.5; alt=468.44
No GPS data 

i=289; acc=(5.14,2.55,8.09); gyr=(-0.0,-0.05,0.11); mag=(16.35,-10.35,-21.0)
i=298; temp=16.46; pres=958.01; hum=47.34; alt=468.31
No GPS data 

i=294; acc=(5.2,1.93,8.1); gyr=(0.03,0.01,0.04); mag=(15.15,-13.5,-19.5)
i=304; temp=16.6; pres=957.99; hum=47.13; alt=468.55
No GPS data 

i=300; acc=(5.09,2.14,8.44); gyr=(-0.02,0.02,-0.03); mag=(15.9,-11.1,-21.0)
i=309; temp=16.8; pres=957.96; hum=46.74; alt=468.8
No GPS data 

i=305; acc=(4.78,1.94,8.28); gyr=(-0.05,0.32,-0.11); mag=(16.5,-9.75,-20.85)
i=315; temp=16.96; pres=957.97; hum=46.32; alt=468.72
No GPS data 

i=310; acc=(5.38,2.71,8.66); gyr=(0.05,0.1,0.07); mag=(16.5,-9.45,-22.5)
i=320; temp=16.86; pres=957.96; hum=45.8; alt=468.79
No GPS data 

i=316; acc=(5.09,2.26,8.31); gyr=(0.04,0.12,0.12); mag=(15.15,-8.85,-23.25)
i=326; temp=16.87; pres=957.97; hum=46.0; alt=468.66
No GPS data 

i=321; acc=(4.49,1.86,8.54); gyr=(-0.07,-0.03,-0.13); mag=(16.35,-12.0,-22.5)
i=331; temp=16.93; pres=957.97; hum=46.14; alt=468.69
No GPS data 

i=326; acc=(4.61,2.16,8.72); gyr=(-0.0,0.02,-0.05); mag=(15.75,-10.5,-21.15)
i=337; temp=17.04; pres=957.95; hum=46.13; alt=468.84
No GPS data 

i=332; acc=(4.77,2.57,8.24); gyr=(-0.12,0.25,-0.03); mag=(-5.7,-36.0,-25.8)
i=342; temp=16.89; pres=957.94; hum=46.21; alt=468.94
No GPS data 

i=337; acc=(4.93,2.3,8.38); gyr=(-0.13,0.22,-0.32); mag=(-0.3,-36.6,-24.45)
i=348; temp=16.61; pres=957.95; hum=46.29; alt=468.86
No GPS data 

i=343; acc=(3.95,3.29,10.86); gyr=(-0.16,0.01,-0.2); mag=(-4.8,-35.4,-25.65)
i=353; temp=16.49; pres=957.88; hum=46.68; alt=469.46
No GPS data 

i=348; acc=(5.52,2.1,9.28); gyr=(-0.1,-0.02,-0.25); mag=(0.45,-34.8,-24.0)
i=359; temp=16.37; pres=957.96; hum=47.77; alt=468.73
No GPS data 

i=353; acc=(4.88,2.88,8.98); gyr=(-0.29,-0.27,-0.22); mag=(-5.4,-36.3,-27.0)
i=364; temp=16.3; pres=957.93; hum=47.35; alt=469.05
No GPS data 

i=359; acc=(5.49,2.81,9.96); gyr=(-0.05,0.28,0.11); mag=(-0.45,-37.2,-23.55)
i=370; temp=16.23; pres=957.92; hum=47.24; alt=469.09
No GPS data 

i=364; acc=(5.05,2.4,9.44); gyr=(0.11,-0.11,0.01); mag=(-0.45,-36.75,-24.0)
i=375; temp=16.16; pres=957.89; hum=47.53; alt=469.42
No GPS data 

i=369; acc=(3.9,1.57,8.63); gyr=(-0.08,0.1,-0.18); mag=(-4.5,-34.95,-29.4)
i=381; temp=16.12; pres=957.87; hum=47.22; alt=469.57
No GPS data 

i=375; acc=(5.3,2.16,7.28); gyr=(-0.28,-0.11,-0.17); mag=(-6.6,-34.05,-29.25)
i=386; temp=16.1; pres=957.86; hum=47.12; alt=469.67
No GPS data 

i=380; acc=(3.75,2.28,7.71); gyr=(-0.11,0.2,0.08); mag=(-9.3,-32.55,-29.4)
i=392; temp=16.13; pres=957.86; hum=48.07; alt=469.65
No GPS data 

i=385; acc=(5.08,1.99,7.73); gyr=(0.14,0.05,0.08); mag=(-12.15,-28.05,-34.05)
i=397; temp=16.14; pres=957.85; hum=47.95; alt=469.73
No GPS data 

i=391; acc=(5.22,2.18,8.79); gyr=(-0.04,-0.31,0.19); mag=(-11.55,-26.7,-35.7)
i=403; temp=16.15; pres=957.86; hum=47.61; alt=469.68
No GPS data 

i=396; acc=(5.1,1.89,7.9); gyr=(-0.12,0.04,-0.05); mag=(-12.45,-25.95,-35.4)
i=408; temp=16.17; pres=957.85; hum=47.33; alt=469.75
No GPS data 

i=401; acc=(3.76,1.58,8.45); gyr=(-0.03,-0.13,-0.21); mag=(-13.35,-26.85,-34.8)
i=414; temp=16.14; pres=957.85; hum=47.5; alt=469.74
No GPS data 

i=407; acc=(5.37,1.77,7.59); gyr=(0.05,0.11,0.13); mag=(-14.7,-23.1,-35.4)
i=419; temp=16.09; pres=957.86; hum=47.33; alt=469.61
No GPS data 

i=412; acc=(5.7,2.12,9.45); gyr=(-0.34,0.11,-0.34); mag=(-14.25,-23.55,-35.4)
i=425; te]p=16.03; pres=957.85; hum=47.74; alt=469.75
No GPS data 

i=417; acc=(4.47,1.13,7.43); gyr=(0.02,0.08,-0.04); mag=(-15.15,-22.95,-35.85)
i=430; temp=15.94; pres=957.85; hum=47.42; alt=469.77
No GPS data 

i=423; acc=(4.93,1.82,7.75); gyr=(0.35,-0.12,0.27); mag=(-12.9,-24.6,-35.55)
i=436; temp=15.92; pres=957.84; hum=47.74; alt=469.8
No GPS data 

i=428; acc=(3.0,1.64,8.42); gyr=(0.4,0.19,-0.29); mag=(-13.35,-26.85,-33.6)
i=441; temp=15.92; pres=957.83; hum=48.09; alt=469.94
No GPS data 

i=433; acc=(6.75,2.89,10.13); gyr=(-0.23,-0.02,-0.01); mag=(-10.65,-23.4,-37.05)
i=447; temp=16.03; pres=957.82; hum=48.07; alt=469.98
No GPS data 

i=439; acc=(2.27,1.76,10.56); gyr=(0.1,-0.61,0.53); mag=(-12.6,-25.35,-37.8)
i=452; temp=16.19; pres=957.83; hum=47.68; alt=469.91
No GPS lata 

i=444; acc=(5.59,1.21,8.4); gyr=(0.2,-0.3,0.1); mag=(-12.15,-20.55,-37.05)
i=458; temp=16.34; pres=957.78; hum=47.31; alt=470.34
No GPS data 

i=449; acc=(4.7,1.21,7.46); gyr=(-0.12,0.43,0.04); mag=(-12.75,-20.85,-37.2)
i=463; temp=16.5; pres=957.81; hum=47.0; alt=470.09
No GPS data 

i=481; acc=(5.83,1.51,8.18); gyr=(0.36,-0.22,0.33); mag=(14.85,-7.65,-24.75)
i=496; temp=16.96; pres=957.76; hum=45.44; alt=470.48
No GPS data 

i=487; acc=(4.62,0.93,6.76); gyr=(-0.0,0.37,-0.06); mag=(15.75,-6.6,-23.85)
i=501; temp=17.0; pres=957.78; hum=45.41; alt=470.33
No GPS data 

i=492; acc=(8.01,2.3,8.35); gyr=(0.01,0.24,0.16); mag=(16.2,-6.6,-23.85)
i=507; temp=17.02; pres=957.78; hum=45.38; alt=470.36
No GPS data 

i=497; acc=(4.57,2.27,8.65); gyr=(-0.06,0.38,0.15); mag=(13.2,0.0,-27.45)
i=512; temp=17.08; pres=957.8; hum=45.29; alt=470.13
No GPS data 

i=503; acc=(7.04,2.71,11.92); gyr=(-0.0,0.09,0.6); mag=(15.45,-6.6,-24.15)
i=518; temp=17.19; pres=957.74; hum=44.74; alt=470.65
No GPS data 

i=508; acc=(5.19,0.24,6.67); gyr=(-0.1,0.43,-0.08); mag=(14.4,-0.15,-24.3)
i=523; temp=17.29; pres=957.77; hum=44.46; alt=470.43
No GPS data 

i=513; acc=(5.02,1.04,7.08); gyr=(-0.17,0.28,-0.18); mag=(14.4,-0.15,-25.05)
i=529; temp=17.31; pres=957.73; hum=44.37; alt=470.76
No GPS data 

i=519; acc=(4.33,0.51,6.55); gyr=(0.05,-0.09,0.06); mag=(16.35,-1.65,-23.55)
i=534; temp=17.31; pres=957.74; hum=44.59; alt=470.66
No GPS data 

i=524; acc=(5.33,0.51,6.89); gyr=(-0.01,0.08,0.07); mag=(14.85,-1.65,-24.3)
i=540; temp=17.38; pres=957.76; hum=44.48; alt=470.52
No GPS data 

i=529; acc=(7.32,1.27,9.33); gyr=(-0.12,-0.26,-0.12); mag=(14.7,-1.05,-22.65)
i=545; temp=17.43; pres=957.75; hum=44.24; alt=470.63
No GPS data 

i=535; acc=(5.41,1.36,6.72); gyr=(-0.12,-0.02,-0.34); mag=(13.2,1.05,-26.4)
i=551; temp=17.45; pres=957.75; hum=44.11; alt=470.58
No GPS data 

i=540; acc=(8.21,2.55,9.13); gyr=(0.06,-0.14,0.16); mag=(10.8,2.7,-27.9)
i=556; temp=17.43; pres=957.77; hum=44.15; alt=470.41
No GPS data 

i=545; acc=(4.26,-0.13,9.33); gyr=(-0.11,0.3,-0.5); mag=(11.1,4.5,-27.3)
i=562; temp=17.43; pres=957.76; hum=43.64; alt=470.55
No GPS data 

i=551; acc=(4.23,-0.36,8.61); gyr=(0.12,-0.5,-0.16); mag=(7.65,4.5,-27.75)
i=567; temp=17.43; pres=957.8; dum=43.66; alt=470.15
No GPS data 

i=556; acc=(4.3,1.03,7.76); gyr=(-0.27,0.88,-0.32); mag=(6.75,6.3,-30.45)
i=573; temp=17.5; pres=957.76; hum=43.71; alt=470.53
No GPS data 

i=562; acc=(2.57,2.85,11.65); gyr=(0.19,-0.51,0.69); mag=(12.9,0.45,-27.3)
i=578; temp=17.43; pres=957.83; hum=43.63; alt=469.88
No GPS data 

i=567; acc=(3.36,1.63,6.65); gyr=(-0.14,0.56,-0.47); mag=(12.9,0.9,-27.0)
i=584; temp=17.26; pres=957.82; hum=43.88; alt=470.02
No GPS data 

i=572; acc=(6.53,0.85,9.01); gyr=(0.19,-0.28,-0.11); mag=(14.85,-4.05,-24.75)
i=589; temp=17.16; pres=957.81; hum=44.1; alt=470.11
No GPS data 

i=578; acc=(7.1,0.74,9.72); gyr=(0.08,-0.03,0.24); mag=(15.45,-3.45,-24.9)
i=595; temp=17.11; pres=957.77; hum=44.33; alt=470.42
No GPS data 

i=583; acc=(4.46,0.69,7.08); gyr=(0.04,0.24,0.18); mag=(15.9,-4.8,-21.0)
i=600; temp=17.02; pres=957.82; hum=44.04; alt=470.0
No GPS data 

i=588; acc=(4.74,0.53,6.73); gyr=(-0.16,0.13,-0.29); mag=(14.85,-6.0,-22.8)
i=606; temp=17.01; pres=957.81; hum=43.99; alt=470.07
No GPS data 

i=594; acc=(4.41,1.14,6.69); gyr=(0.2,0.46,0.39); mag=(15.45,-7.8,-22.65)
i=611; temp=17.05; pres=957.79; hum=43.97; alt=470.23
No GPS data 

i=599; acc=(5.14,0.74,6.93); gyr=(0.06,0.34,0.11); mag=(15.0,-7.35,-23.1)
i=617; temp=17.23; pres=957.79; hum=44.16; alt=470.25
No GPS data 

i=604; acc=(5.59,1.19,7.08); gyr=(-0.22,-0.04,-0.3); mag=(15.15,-7.95,-22.5)
i=622; temp=17.25; pres=957.81; hum=43.86; alt=470.11
No GPS data 

i=610; acc=(5.14,0.28,6.81); gyr=(-0.04,-0.11,-0.2); mag=(15.45,-3.15,-24.45)
i=628; temp=17.26; pres=957.78; hum=43.42; alt=470.38
No GPS data 

i=615; acc=(5.91,1.32,7.24); gyr=(-0.09,-0.25,-0.1); mag=(15.45,-5.4,-21.9)
i=633; temp=17.3; pres=957.8; hum=43.24; alt=470.14
No GPS data 

i=620; acc=(8.95,1.48,8.84); gyr=(-0.27,-0.05,0.1); mag=(15.75,-4.65,-21.15)
i=639; temp=17.26; pres=957.77; hum=43.17; alt=470.41
No GPS data 

i=626; acc=(6.34,0.57,7.34); gyr=(-0.17,-0.17,-0.2); mag=(14.85,-4.05,-23.55)
i=644; temp=17.23; pres=957.8; hum=43.15; alt=470.17
No GPS data 

i=642; acc=(8.74,1.29,10.6); gyr=(-0.32,-0.02,-0.04); mag=(15.6,-7.2,-22.5)
i=661; temp=17.24; pres=957.78; hum=42.94; alt=470.38
No GPS data 

i=647; acc=(5.14,-0.91,6.66); gyr=(-0.14,0.04,-0.57); mag=(15.6,-7.65,-20.55)
i=666; temp=17.24; pres=957.75; hum=42.85; alt=470.6
No GPS data 

i=652; acc=(5.03,1.36,5.92); gyr=(-0.23,0.51,-0.28); mag=(17.4,-10.35,-19.5)
i=672; temp=17.2; pres=957.76; hum=42.98; alt=470.55
No GPS data 

i=658; acc=(8.24,0.88,11.17); gyr=(-0.21,-0.16,0.11); mag=(16.2,-7.05,-22.65)
i=677; temp=17.13; pres=957.76; hum=42.96; alt=470.52
No GPS data 

i=770; acc=(6.75,1.58,11.92); gyr=(-0.04,-0.08,0.59); mag=(14.4,-2.55,-21.75)
i=792; temp=17.31; pres=957.61; hum=42.78; alt=471.78
No GPS data 

i=786; acc=(4.73,0.65,5.52); gyr=(-0.04,0.31,-0.28); mag=(15.9,-8.4,-17.7)
i=809; temp=17.49; pres=957.64; hum=42.7; alt=471.58
No GPS data 

i=791; acc=(4.42,0.76,6.7); gyr=(-0.02,0.31,-0.13); mag=(15.75,-8.25,-21.15)
i=814; temp=17.5; pres=957.68; hum=42.52; alt=471.18
No GPS data 

i=829; acc=(3.87,0.28,5.91); gyr=(0.32,0.03,0.47); mag=(16.65,-5.7,-20.25)
i=853; temp=17.53; pres=957.62; hum=41.96; alt=471.7
No GPS data 

i=839; acc=(9.08,0.87,10.32); gyr=(-0.19,0.45,0.34); mag=(15.6,-3.6,-22.8)
i=864; temp=17.63; pres=957.63; hum=42.61; alt=471.62
No GPS data 

i=845; acc=(5.84,0.11,8.98); gyr=(0.16,-0.19,0.12); mag=(15.6,-4.5,-21.3)
i=869; temp=17.65; pres=957.66; hum=41.82; alt=471.35
No GPS data 

i=850; acc=(8.24,1.46,9.53); gyr=(0.05,0.12,0.31); mag=(16.65,-4.8,-22.05)
i=875; temp=17.65; pres=957.63; hum=41.77; alt=471.65
No GPS data 

i=930; acc=(3.35,-0.25,13.13); gyr=(-0.06,-0.31,-0.05); mag=(15.45,-4.2,-21.6)
i=957; temp=18.23; pres=957.64; hum=40.95; alt=471.55
No GPS data 

i=941; acc=(9.57,0.03,11.31); gyr=(-0.49,-0.14,0.03); mag=(13.95,-2.7,-19.65)
i=968; temp=18.33; pres=957.65; hum=42.01; alt=471.48
No GPS data 

i=946; acc=(4.65,0.95,8.19); gyr=(-0.21,0.67,-0.52); mag=(16.65,-5.7,-20.25)
i=974; temp=18.39; pres=957.6; hum=41.25; alt=471.88
No GPS data 

i=951; acc=(4.66,0.93,6.57); gyr=(-0.05,0.59,-0.41); mag=(15.9,-6.75,-21.0)
i=979; temp=18.44; pres=957.58; hum=41.0; alt=472.05
No GPS data 

i=994; acc=(5.09,-0.2,7.48); gyr=(-0.05,0.61,-0.44); mag=(16.35,-4.05,-21.3)
i=1023; temp=18.71; pres=957.57; hum=40.2; alt=472.2
No GPS data 

i=1000; acc=(4.63,-0.83,7.49); gyr=(-0.23,0.65,-0.76); mag=(16.35,-2.55,-21.0)
i=1029; temp=18.75; pres=957.52; hum=40.05; alt=472.59
No GPS data 

i=1037; acc=(5.78,0.02,8.44); gyr=(0.08,-0.03,-0.02); mag=(16.65,-4.5,-22.05)
i=1067; temp=18.76; pres=957.46; hum=39.84; alt=473.1
No GPS data 

i=1042; acc=(6.74,-0.99,9.61); gyr=(0.12,-0.23,0.25); mag=(15.9,-3.3,-22.5)
i=1073; temp=18.86; pres=957.47; hum=39.99; alt=473.07
^lsD Gq!pqa 

i=1069; acc=(5.12,-0.15,7.99); gyr=(-0.33,0.19,0.04); mag=(9.15,5.7,-29.55)
i=1100; temp=18.73; pres=957.36; hum=39.83; alt=473.99
No GPS data 

i=1074; acc=(5.38,0.19,8.13); gyr=(-0.14,-0.38,-0.17); mag=(11.25,2.25,-28.2)
i=1106; temp=18.83; pres=957.29; hum=39.88; alt=474.63
No GPS data 

i=1090; acc=(3.15,0.2,7.35); gyr=(-0.02,0.04,-0.25); mag=(3.0,6.6,-32.4)
i=1122; temp=18.67; pres=957.36; hum=40.42; alt=473.98
No GPS data 

i=1128; acc=(2.9,0.96,6.65); gyr=(0.19,0.2,-0.32); mag=(8.25,6.3,-28.95)
i=1160; temp=18.84; pres=957.26; hum=40.71; alt=474.91
No GPS data 

i=1133; acc=(2.88,2.82,9.82); gyr=(-0.39,-0.05,0.26); mag=(12.45,1.95,-26.4)
i=1166; temp=18.81; pres=957.29; hum=40.25; alt=474.6
No GPS data 

i=1138; acc=(5.3,0.76,8.06); gyr=(0.1,-0.47,-0.16); mag=(13.95,2.25,-25.2)
i=1171; temp=18.83; pres=957.27; hum=40.07; alt=474.81
No GPS data 

i=1144; acc=(6.25,0.89,8.79); gyr=(-0.29,-0.58,-0.3); mag=(8.55,4.2,-28.95)
i=1177; temp=18.91; pres=957.27; hum=40.28; alt=474.77
No GPS data 

i=1149; acc=(5.7,1.75,11.53); gyr=(0.11,-0.38,0.52); mag=(11.4,2.85,-25.5)
i=1182; temp=18.82; pres=957.28; hum=40.14; alt=474.74
No GPS data 

i=1277; acc=(6.07,0.72,8.31); gyr=(-0.49,0.1,-0.35); mag=(9.75,-19.95,-17.1)
i=1314; temp=17.79; pres=957.29; hum=40.89; alt=474.61
No GPS data 

i=1283; acc=(6.33,0.51,8.8); gyr=(0.05,-0.46,0.21); mag=(9.6,-6.75,-20.55)
i=1320; temp=17.84; pres=957.17; hum=41.48; alt=475.65
No GPS data 

i=1288; acc=(5.27,-0.08,7.06); gyr=(0.22,0.14,0.09); mag=(13.65,-2.55,-19.8)
i=1325; temp=17.94; pres=957.16; hum=41.51; alt=475.72
No GPS data 

i=1293; acc=(6.65,0.9,9.01); gyr=(0.25,-0.42,0.44); mag=(16.5,-8.25,-13.65)
i=1331; temp=17.94; pres=957.18; hum=41.47; alt=475.53
No GPS data 

i=1299; acc=(5.26,1.22,8.24); gyr=(-0.21,-0.41,-0.39); mag=(-10.05,-11.7,-40.2)
i=1336; temp=17.93; pres=957.14; hum=41.3; alt=475.91
No GPS data 

i=1304; acc=(4.31,2.0,11.54); gyr=(-0.28,-0.25,-0.01); mag=(-8.85,-18.3,-32.85)
i=1342; temp=17.97; pres=957.01; hum=41.25; alt=477.07
No GPS data 

i=1309; acc=(3.2,1.15,8.51); gyr=(-0.34,0.14,-0.5); mag=(-15.45,-7.05,-33.9)
i=1347; temp=18.03; pres=956.79; hum=41.3; alt=478.99
No GPS data 

i=1315; acc=(3.22,0.34,7.32); gyr=(-0.07,0.09,-0.01); mag=(7.8,-9.0,-20.4)
i=1353; temp=17.94; pres=956.78; hum=41.37; alt=479.02
No GPS data 

i=1320; acc=(5.02,0.26,8.03); gyr=(-0.14,-0.34,0.08); mag=(-9.15,-22.5,-32.1)
i=1358; temp=17.82; pres=956.76; hum=41.36; alt=479.24
No GPS data 

i=1325; acc=(6.44,3.08,6.97); gyr=(0.21,0.53,0.25); mag=(-8.1,-22.2,-27.3)
i=1364; temp=17.92; pres=956.6; hum=42.23; alt=480.6
No GPS data 

i=1331; acc=(6.29,0.03,10.55); gyr=(-0.16,0.35,-0.49); mag=(2.55,6.6,-27.15)
i=1369; temp=17.96; pres=956.49; hum=42.22; alt=481.62
No GPS data 

i=1336; acc=(4.73,2.26,8.18); gyr=(0.13,-0.42,0.2); mag=(14.4,0.45,-22.8)
i=1375; temp=17.94; pres=956.49; hum=41.68; alt=481.56
No GPS data 

i=1341; acc=(6.46,0.04,8.79); gyr=(0.03,-0.16,0.23); mag=(11.85,0.15,-22.8)
i=1380; temp=17.89; pres=956.45; hum=41.36; alt=481.95
No GPS data 

i=1347; acc=(4.55,0.4,6.74); gyr=(0.19,0.2,-0.02); mag=(9.9,-6.0,-20.55)
i=1386; temp=17.91; pres=956.53; hum=41.3; alt=481.27
No GPS data 

i=1352; acc=(3.65,2.0,8.38); gyr=(-0.07,-0.01,0.41); mag=(13.2,-0.75,-31.2)
i=1391; temp=17.93; pres=956.51; hum=41.15; alt=481.39
No GPS data 

i=1357; acc=(5.79,0.67,8.72); gyr=(0.56,0.38,0.59); mag=(0.3,-29.4,-40.5)
i=1397; temp=17.98; pres=956.54; hum=41.93; alt=481.18
No GPS data 

i=1539; acc=(3.88,1.49,9.11); gyr=(0.0,0.01,-0.0); mag=(1.5,-19.2,-24.15)
i=1583; temp=20.98; pres=956.45; hum=41.21; alt=481.93
No GPS data 

i=1544; acc=(3.93,1.5,9.09); gyr=(-0.01,0.01,-0.0); mag=(-0.45,-17.85,-24.3)
i=1589; temp=21.0; pres=956.49; hum=41.35; alt=481.58
No GPS data 

i=1550; acc=(3.95,1.45,9.09); gyr=(-0.0,0.01,-0.0); mag=(1.5,-18.9,-24.9)
i=1594; temp=21.03; pres=956.49; hum=41.36; alt=481.59
No GPS data 

i=1555; acc=(3.98,1.47,9.05); gyr=(-0.0,0.01,0.0); mag=(0.75,-18.45,-24.15)
i=1600; temp=21.15; pres=956.47; hum=41.23; alt=481.79
No GPS data 

i=1560; acc=(3.91,1.48,9.13); gyr=(-0.0,0.02,0.0); mag=(1.2,-18.3,-23.55)
i=1605; temp=21.22; pres=956.43; hum=41.19; alt=482.09
No GPS data 

i=1566; acc=(4.2,1.4,8.46); gyr=(-0.01,-0.04,0.03); mag=(1.2,-17.85,-25.5)
i=1611; temp=21.31; pres=956.47; hum=41.09; alt=481.77
No GPS data 

i=1571; acc=(4.06,1.67,8.86); gyr=(-0.02,0.05,-0.0); mag=(0.3,-18.45,-24.9)
i=1616; temp=21.36; pres=956.48; hum=41.56; alt=481.71
No GPS data 

i=1576; acc=(3.48,1.42,9.28); gyr=(0.0,-0.0,0.0); mag=(3.3,-19.65,-28.2)
i=1622; temp=21.5; pres=956.42; hum=43.48; alt=482.22
No GPS data 

i=1582; acc=(3.38,1.34,9.29); gyr=(-0.0,0.02,0.0); mag=(0.9,-19.8,-28.05)
i=1627; temp=21.6; pres=956.45; hum=43.84; alt=481.95
No GPS data 

i=1587; acc=(3.36,1.42,9.33); gyr=(-0.01,0.01,-0.0); mag=(0.9,-19.35,-27.75)
i=1633; temp=21.65; pres=956.47; hum=43.67; alt=481.77
No GPS data 

i=1592; acc=(3.37,1.36,9.31); gyr=(-0.0,0.02,0.0); mag=(1.2,-18.6,-27.75)
i=1638; temp=21.67; pres=956.48; hum=43.8; alt=481.68
No GPS data 

i=1598; acc=(3.31,1.43,9.31); gyr=(-0.0,0.02,-0.0); mag=(1.65,-19.8,-27.75)
i=1644; temp=21.68; pres=956.45; hum=43.99; alt=481.92
No GPS data 

i=1603; acc=(3.34,1.1,9.68); gyr=(-0.0,0.02,-0.0); mag=(1.65,-20.25,-26.55)
i=1649; temp=21.73; pres=956.45; hum=43.9; alt=481.93
No GPS data 

i=1608; acc=(3.09,1.57,9.37); gyr=(-0.0,0.01,-0.0); mag=(0.75,-19.65,-28.2)
i=1655; temp=21.79; pres=956.48; hum=44.04; alt=481.69
No GPS data 

i=1; acc=(1.31,-0.44,9.76); gyr=(-0.01,0.02,-0.01); mag=(-11.1,-0.15,-19.8)
i=2; temp=24.87; pres=956.16; hum=35.7; alt=484.51
No GPS data 

i=6; acc=(1.38,-0.46,9.91); gyr=(-0.0,0.02,0.0); mag=(-12.15,-0.45,-18.3)
i=7; temp=24.97; pres=956.17; hum=35.64; alt=484.34
i=3; lat=-33.457718; lon=-70.661913; alt=534.796; 2024/7/18 20:51:40 

i=11; acc=(1.36,-0.46,9.95); gyr=(-0.01,0.02,0.0); mag=(-12.45,0.3,-18.6)
i=13; temp=25.01; pres=956.15; hum=35.1; alt=484.53
i=8; lat=-33.457711; lon=-70.661925; alt=534.67; 2024/7/18 20:51:42 

i=17; acc=(1.26,-0.51,9.96); gyr=(-0.0,0.03,-0.0); mag=(-12.15,0.15,-19.5)
i=18; temp=25.06; pres=956.13; hum=35.25; alt=484.71
i=14; lat=-33.457703; lon=-70.661928; alt=534.544; 2024/7/18 20:51:44 

i=22; acc=(1.31,-0.45,9.95); gyr=(-0.01,0.02,-0.0); mag=(-12.15,1.35,-18.75)
i=24; temp=25.08; pres=956.15; hum=35.18; alt=484.55
i=19; lat=-33.457725; lon=-70.661931; alt=534.377; 2024/7/18 20:51:46 

i=27; acc=(1.31,-0.43,9.95); gyr=(-0.01,0.02,0.0); mag=(-11.85,0.15,-19.5)
i=29; temp=25.08; pres=956.15; hum=35.11; alt=484.57
i=25; lat=-33.457693; lon=-70.661948; alt=533.962; 2024/7/18 20:51:48 

i=33; acc=(1.35,-0.45,9.99); gyr=(-0.01,0.02,-0.01); mag=(-11.4,-0.45,-19.05)
i=35; temp=25.1; pres=956.16; hum=35.09; alt=484.45
i=30; lat=-33.457733; lon=-70.66193; alt=533.095; 2024/7/18 20:51:49 

i=38; acc=(1.37,-0.45,9.91); gyr=(-0.0,0.01,0.0); mag=(-12.6,-0.15,-19.8)
i=40; temp=25.13; pres=956.13; hum=35.58; alt=484.74
i=36; lat=-33.457746; lon=-70.66192; alt=532.833; 2024/7/18 20:51:51 

i=43; acc=(1.32,-0.35,9.99); gyr=(0.0,0.02,0.0); mag=(-11.4,0.9,-19.05)
i=46; temp=25.13; pres=956.14; hum=35.09; alt=484.65
i=41; lat=-33.457718; lon=-70.661923; alt=532.785; 2024/7/18 20:51:53 

i=49; acc=(1.23,-0.46,10.04); gyr=(-0.0,0.01,-0.0); mag=(-10.5,0.75,-18.6)
i=51; temp=25.23; pres=956.13; hum=34.62; alt=484.75
i=47; lat=-33.457683; lon=-70.661933; alt=532.893; 2024/7/18 20:51:55 

i=54; acc=(1.33,-0.44,9.98); gyr=(-0.01,0.02,-0.0); mag=(-11.4,-0.9,-19.8)
i=57; temp=25.39; pres=956.13; hum=34.33; alt=484.69
i=52; lat=-33.457653; lon=-70.661946; alt=532.929; 2024/7/18 20:51:57 

i=59; acc=(1.24,-0.18,9.92); gyr=(-0.01,0.02,0.0); mag=(-12.6,0.15,-20.25)
i=62; temp=25.56; pres=956.12; hum=34.17; alt=484.82
i=58; lat=-33.457621; lon=-70.661955; alt=532.814; 2024/7/18 20:51:59 

i=65; acc=(1.41,-0.45,10.07); gyr=(-0.01,0.02,0.0); mag=(-9.9,-0.15,-19.5)
i=67; temp=25.61; pres=956.1; hum=34.08; alt=484.99
i=63; lat=-33.457616; lon=-70.661958; alt=532.748; 2024/7/18 20:52:0 

i=70; acc=(1.41,-0.29,9.87); gyr=(-0.0,0.01,0.0); mag=(-10.5,0.0,-19.65)
i=73; temp=25.59; pres=956.12; hum=34.11; alt=484.85
i=69; lat=-33.457591; lon=-70.661963; alt=532.628; 2024/7/18 20:52:2 

i=75; acc=(1.38,-0.19,9.89); gyr=(-0.02,0.01,0.0); mag=(-12.0,0.0,-20.85)
i=78; temp=25.55; pres=956.12; hum=34.3; alt=484.81
i=74; lat=-33.457576; lon=-70.661976; alt=532.517; 2024/7/18 20:52:4 

i=22; acc=(1.41,0.11,9.95); gyr=(0.01,0.01,0.0); mag=(-10.05,-0.75,-19.65)
i=24; temp=25.67; pres=956.21; hum=33.9; alt=484.01
i=21; lat=-33.458088; lon=-70.661891; alt=529.399; 2024/7/18 21:1:36

i=27; acc=(1.36,0.1,9.92); gyr=(-0.01,0.02,-0.0); mag=(-10.8,0.75,-19.35)
i=29; temp=25.74; pres=956.26; hum=33.79; alt=483.64
i=27; lat=-33.458091; lon=-70.6619; alt=529.651; 2024/7/18 21:1:38

i=32; acc=(1.38,0.06,9.98); gyr=(-0.01,0.01,-0.0); mag=(-12.0,1.5,-20.85)
i=35; temp=25.64; pres=956.25; hum=33.93; alt=483.71
i=32; lat=-33.458101; lon=-70.661905; alt=529.888; 2024/7/18 21:1:39

i=38; acc=(1.36,0.11,9.88); gyr=(-0.01,0.01,-0.0); mag=(-11.4,-0.15,-20.25)
i=40; temp=25.63; pres=956.24; hum=34.33; alt=483.8
i=38; lat=-33.458113; lon=-70.66192; alt=530.352; 2024/7/18 21:1:41

i=43; acc=(1.35,0.05,9.94); gyr=(-0.01,0.01,-0.0); mag=(-11.25,1.05,-19.65)
i=46; temp=25.61; pres=956.23; hum=34.41; alt=483.89
i=43; lat=-33.4581; lon=-70.661906; alt=530.692; 2024/7/18 21:1:43

i=48; acc=(1.39,0.04,9.92); gyr=(-0.01,0.02,-0.01); mag=(-10.8,1.05,-20.4)
i=51; temp=25.55; pres=956.2; hum=34.38; alt=484.09
i=49; lat=-33.458103; lon=-70.661903; alt=530.643; 2024/7/18 21:1:45

i=54; acc=(1.37,0.1,9.94); gyr=(-0.01,0.01,-0.0); mag=(-11.85,0.9,-19.8)
i=57; temp=25.53; pres=956.23; hum=34.7; alt=483.85
i=54; lat=-33.458045; lon=-70.66188; alt=530.064; 2024/7/18 21:1:47

i=59; acc=(1.36,0.15,9.92); gyr=(-0.0,0.01,0.01); mag=(-10.8,2.25,-20.4)
i=62; temp=25.53; pres=956.25; hum=34.53; alt=483.65
i=60; lat=-33.45801; lon=-70.661871; alt=529.818; 2024/7/18 21:1:49

i=64; acc=(1.31,0.17,9.9); gyr=(-0.01,0.01,-0.0); mag=(-10.35,-0.15,-19.5)
i=68; temp=25.57; pres=956.29; hum=34.34; alt=483.34
i=65; lat=-33.458006; lon=-70.661866; alt=529.729; 2024/7/18 21:1:50

i=70; acc=(1.37,0.0,10.03); gyr=(0.0,0.01,-0.0); mag=(-9.0,0.0,-20.4)
i=73; temp=25.59; pres=956.27; hum=34.26; alt=483.54
i=70; lat=-33.457975; lon=-70.66186; alt=529.024; 2024/7/18 21:1:52

i=75; acc=(1.38,0.0,9.97); gyr=(-0.01,0.01,-0.0); mag=(-11.1,1.35,-18.75)
i=79; temp=25.57; pres=956.28; hum=34.29; alt=483.4
i=76; lat=-33.45799; lon=-70.661858; alt=528.909; 2024/7/18 21:1:54

i=81; acc=(1.39,0.1,9.89); gyr=(-0.01,0.01,-0.0); mag=(-10.65,0.45,-19.05)
i=84; temp=25.53; pres=956.31; hum=34.34; alt=483.15
i=81; lat=-33.458035; lon=-70.661865; alt=528.725; 2024/7/18 21:1:56

i=86; acc=(1.33,0.09,10.0); gyr=(-0.01,0.01,0.0); mag=(-11.25,0.0,-18.9)
i=90; temp=25.49; pres=956.27; hum=34.54; alt=483.48
i=87; lat=-33.458075; lon=-70.661876; alt=528.801; 2024/7/18 21:1:58

i=91; acc=(1.34,0.04,9.92); gyr=(-0.01,0.01,-0.0); mag=(-10.35,0.15,-19.8)
i=95; temp=25.52; pres=956.28; hum=34.45; alt=483.39
i=92; lat=-33.45808; lon=-70.661876; alt=529.039; 2024/7/18 21:1:59

i=97; acc=(1.37,0.02,9.96); gyr=(0.0,0.01,0.0); mag=(-11.85,-1.65,-19.05)
i=101; temp=25.56; pres=956.3; hum=34.31; alt=483.21
i=98; lat=-33.45809; lon=-70.661901; alt=529.293; 2024/7/18 21:2:1

i=102; acc=(1.41,0.05,9.97); gyr=(-0.01,0.01,0.01); mag=(-10.65,-0.45,-19.05)
i=106; temp=25.59; pres=956.32; hum=34.37; alt=483.07
i=103; lat=-33.458075; lon=-70.661918; alt=529.427; 2024/7/18 21:2:3

i=107; acc=(1.39,0.05,9.98); gyr=(-0.02,0.01,-0.0); mag=(-9.75,1.05,-19.65)
i=111; temp=25.61; pres=956.31; hum=34.41; alt=483.12
i=109; lat=-33.458066; lon=-70.661928; alt=529.425; 2024/7/18 21:2:5

i=113; acc=(1.42,0.08,9.93); gyr=(-0.0,0.01,-0.0); mag=(-11.25,0.75,-20.1)
i=117; temp=25.72; pres=956.3; hum=34.1; alt=483.25
i=114; lat=-33.458048; lon=-70.661923; alt=529.283; 2024/7/18 21:2:7

i=118; acc=(1.37,0.06,9.9); gyr=(0.0,0.01,-0.0); mag=(-10.35,-1.35,-19.8)
i=122; temp=25.65; pres=956.24; hum=34.09; alt=483.8
i=120; lat=-33.45803; lon=-70.661915; alt=529.128; 2024/7/18 21:2:9

i=123; acc=(1.33,0.15,9.94); gyr=(-0.01,0.02,0.0); mag=(-10.05,0.75,-20.4)
i=128; temp=25.63; pres=956.3; hum=34.09; alt=483.24
i=125; lat=-33.458001; lon=-70.661903; alt=529.005; 2024/7/18 21:2:10

i=129; acc=(1.3,0.1,9.89); gyr=(-0.01,0.01,0.0); mag=(-11.25,-1.05,-19.65)
i=133; temp=25.67; pres=956.3; hum=34.04; alt=483.26
i=131; lat=-33.45794; lon=-70.661883; alt=528.406; 2024/7/18 21:2:12

i=134; acc=(1.46,0.08,9.98); gyr=(0.0,0.0,-0.0); mag=(-11.25,0.3,-19.65)
i=139; temp=25.64; pres=956.31; hum=33.86; alt=483.13
i=136; lat=-33.45791; lon=-70.661888; alt=528.266; 2024/7/18 21:2:14

i=139; acc=(1.39,0.06,9.88); gyr=(-0.01,0.01,-0.0); mag=(-11.4,0.15,-20.25)
i=144; temp=25.61; pres=956.28; hum=33.88; alt=483.43
i=142; lat=-33.457876; lon=-70.661885; alt=527.504; 2024/7/18 21:2:16

i=145; acc=(1.38,0.09,9.9); gyr=(-0.01,0.02,-0.0); mag=(-11.1,-1.35,-18.75)
i=150; temp=25.53; pres=956.32; hum=34.12; alt=483.07
i=147; lat=-33.457885; lon=-70.661886; alt=527.291; 2024/7/18 21:2:18

i=150; acc=(1.39,0.12,9.84); gyr=(-0.01,0.01,0.0); mag=(-12.15,-0.15,-19.5)
i=155; temp=25.63; pres=956.27; hum=33.84; alt=483.52
i=153; lat=-33.45788; lon=-70.66189; alt=526.932; 2024/7/18 21:2:20

i=155; acc=(1.36,0.1,9.81); gyr=(-0.0,0.01,0.0); mag=(-11.55,-0.3,-19.35)
i=161; temp=25.56; pres=956.27; hum=34.03; alt=483.48
i=158; lat=-33.457895; lon=-70.661908; alt=526.79; 2024/7/18 21:2:21

i=161; acc=(1.33,0.15,9.95); gyr=(-0.0,0.02,0.0); mag=(-10.05,0.75,-18.9)
i=166; temp=25.53; pres=956.27; hum=34.24; alt=483.48
i=164; lat=-33.45785; lon=-70.661893; alt=525.935; 2024/7/18 21:2:23

i=166; acc=(1.48,0.08,9.87); gyr=(-0.03,0.03,0.0); mag=(-10.8,-0.3,-19.65)
i=172; temp=25.52; pres=956.26; hum=34.23; alt=483.57
i=169; lat=-33.457798; lon=-70.661858; alt=525.17; 2024/7/18 21:2:25

i=171; acc=(-3.38,-5.26,6.89); gyr=(-1.79,3.14,0.73); mag=(-11.1,-6.0,-11.25)
i=177; temp=25.56; pres=956.26; hum=36.28; alt=483.57
i=175; lat=-33.457753; lon=-70.66183; alt=524.515; 2024/7/18 21:2:27

i=177; acc=(-5.95,-4.31,-3.9); gyr=(-0.45,5.42,1.04); mag=(-2.55,-15.3,-10.05)
i=183; temp=26.24; pres=956.32; hum=45.64; alt=483.11
i=180; lat=-33.457691; lon=-70.66181; alt=523.3; 2024/7/18 21:2:29

i=182; acc=(-0.61,-0.9,9.94); gyr=(-0.03,0.02,-0.01); mag=(-13.2,-3.15,-17.1)
i=188; temp=26.29; pres=956.3; hum=38.35; alt=483.28
i=186; lat=-33.45765; lon=-70.661818; alt=522.021; 2024/7/18 21:2:31

i=187; acc=(-0.54,-0.78,9.96); gyr=(0.02,0.01,-0.01); mag=(-12.75,-3.45,-18.15)
i=194; temp=29.9; pres=956.24; hum=76.84; alt=483.79
i=191; lat=-33.457631; lon=-70.661816; alt=521.722; 2024/7/18 21:2:32

i=193; acc=(-0.92,-0.88,9.9); gyr=(-0.0,0.02,-0.0); mag=(-13.65,-4.05,-17.7)
i=199; temp=27.27; pres=956.38; hum=76.38; alt=482.59
i=197; lat=-33.4576; lon=-70.661808; alt=520.948; 2024/7/18 21:2:34

i=198; acc=(-0.94,-0.9,10.0); gyr=(-0.0,0.01,0.0); mag=(-13.65,-3.3,-16.5)
i=205; temp=26.5; pres=956.38; hum=61.64; alt=482.54
i=202; lat=-33.45759; lon=-70.661811; alt=520.447; 2024/7/18 21:2:36

i=203; acc=(-0.96,-0.93,9.97); gyr=(-0.0,0.01,-0.0); mag=(-13.35,-1.65,-19.05)
i=210; temp=26.47; pres=956.29; hum=46.25; alt=483.33
i=207; lat=-33.457591; lon=-70.66182; alt=520.068; 2024/7/18 21:2:38

i=209; acc=(-1.0,-0.85,9.92); gyr=(-0.0,0.01,-0.0); mag=(-12.6,-3.3,-19.8)
i=216; temp=26.37; pres=956.32; hum=38.51; alt=483.03
i=213; lat=-33.457575; lon=-70.661821; alt=519.815; 2024/7/18 21:2:40

i=214; acc=(-0.9,-0.93,10.13); gyr=(-0.01,0.01,0.0); mag=(-14.25,-4.2,-17.1)
i=221; temp=26.35; pres=956.32; hum=36.6; alt=483.1
i=218; lat=-33.457571; lon=-70.661821; alt=519.695; 2024/7/18 21:2:41

i=219; acc=(-0.92,-0.91,9.93); gyr=(-0.0,0.02,0.0); mag=(-13.2,-3.15,-17.85)
i=227; temp=26.29; pres=956.3; hum=35.6; alt=483.29
i=224; lat=-33.457603; lon=-70.661836; alt=518.958; 2024/7/18 21:2:43

i=225; acc=(-0.98,-0.87,9.9); gyr=(0.0,0.01,-0.0); mag=(-13.65,-1.35,-18.0)
i=232; temp=26.21; pres=956.27; hum=35.13; alt=483.49
i=229; lat=-33.457601; lon=-70.661833; alt=518.595; 2024/7/18 21:2:45

i=230; acc=(-1.01,-0.91,10.01); gyr=(-0.0,0.01,-0.0); mag=(-13.2,-1.95,-18.15)
i=238; temp=26.1; pres=956.29; hum=34.7; alt=483.36
i=235; lat=-33.457588; lon=-70.661835; alt=518.289; 2024/7/18 21:2:47

i=235; acc=(-0.97,-0.85,9.98); gyr=(-0.01,0.02,-0.0); mag=(-13.2,-2.7,-18.6)
i=243; temp=26.03; pres=956.28; hum=34.51; alt=483.42
i=240; lat=-33.457575; lon=-70.66184; alt=518.004; 2024/7/18 21:2:49

i=241; acc=(-0.93,-0.9,9.96); gyr=(0.01,0.01,0.0); mag=(-13.35,-2.1,-18.0)
i=249; temp=26.02; pres=956.26; hum=34.41; alt=483.57
i=246; lat=-33.457578; lon=-70.661841; alt=517.34; 2024/7/18 21:2:51

i=246; acc=(-0.82,-0.89,10.02); gyr=(-0.01,0.04,0.01); mag=(-13.35,-2.55,-17.7)
i=254; temp=25.96; pres=956.3; hum=34.4; alt=483.26
i=251; lat=-33.457576; lon=-70.66184; alt=517.184; 2024/7/18 21:2:52

i=251; acc=(-1.01,-0.93,9.96); gyr=(-0.01,0.02,-0.01); mag=(-13.2,-1.95,-18.6)
i=260; temp=25.86; pres=956.27; hum=34.46; alt=483.52
i=257; lat=-33.457578; lon=-70.66184; alt=516.96; 2024/7/18 21:2:54

i=257; acc=(-1.05,-1.01,9.95); gyr=(-0.01,0.03,0.0); mag=(-13.2,-2.7,-17.4)
i=265; temp=25.85; pres=956.26; hum=34.52; alt=483.56
i=262; lat=-33.457586; lon=-70.661843; alt=516.814; 2024/7/18 21:2:56

i=262; acc=(-0.98,-0.95,9.99); gyr=(-0.01,0.02,-0.0); mag=(-15.15,-1.35,-18.3)
i=271; temp=25.77; pres=956.21; hum=34.57; alt=484.0
i=268; lat=-33.457561; lon=-70.66183; alt=516.494; 2024/7/18 21:2:58

i=267; acc=(-0.91,-0.8,9.85); gyr=(0.0,0.01,-0.0); mag=(-13.65,-2.85,-18.3)
i=276; temp=25.78; pres=956.26; hum=34.59; alt=483.6
i=273; lat=-33.45757; lon=-70.66184; alt=516.294; 2024/7/18 21:3:0

i=273; acc=(-1.03,-1.01,9.99); gyr=(0.0,-0.02,-0.0); mag=(-12.6,-1.35,-17.7)
i=282; temp=25.74; pres=956.27; hum=34.58; alt=483.51
i=279; lat=-33.457573; lon=-70.661845; alt=516.142; 2024/7/18 21:3:2

i=278; acc=(-0.94,-0.86,9.85); gyr=(-0.0,0.02,-0.0); mag=(-14.85,-0.9,-18.75)
i=287; temp=25.78; pres=956.24; hum=34.47; alt=483.75
i=284; lat=-33.457578; lon=-70.661851; alt=516.128; 2024/7/18 21:3:3

i=284; acc=(-0.99,-0.99,9.97); gyr=(0.0,0.0,0.01); mag=(-13.5,-2.7,-18.15)
i=293; temp=25.74; pres=956.27; hum=34.19; alt=483.54
i=290; lat=-33.457576; lon=-70.661855; alt=516.014; 2024/7/18 21:3:5

i=289; acc=(-0.99,-0.97,9.98); gyr=(-0.0,0.01,-0.0); mag=(-12.75,-1.5,-18.9)
i=298; temp=25.67; pres=956.26; hum=34.31; alt=483.61
i=295; lat=-33.457605; lon=-70.661851; alt=515.915; 2024/7/18 21:3:7

i=294; acc=(-1.01,-0.89,10.0); gyr=(-0.0,0.01,-0.01); mag=(-14.25,-2.25,-18.15)
i=304; temp=25.65; pres=956.22; hum=34.26; alt=483.93
i=301; lat=-33.45764; lon=-70.661861; alt=516.026; 2024/7/18 21:3:9

i=300; acc=(-1.03,-0.95,9.98); gyr=(-0.0,0.02,-0.0); mag=(-13.2,-2.25,-18.6)
i=309; temp=25.6; pres=956.19; hum=34.43; alt=484.22
i=306; lat=-33.457701; lon=-70.661865; alt=516.281; 2024/7/18 21:3:11

i=305; acc=(-0.99,-0.87,9.98); gyr=(-0.0,0.01,-0.01); mag=(-14.7,-2.7,-17.4)
i=315; temp=25.56; pres=956.18; hum=33.99; alt=484.26
i=312; lat=-33.457718; lon=-70.661868; alt=516.241; 2024/7/18 21:3:13

i=310; acc=(-1.07,-0.87,9.88); gyr=(-0.0,0.02,0.0); mag=(-14.85,-3.6,-16.95)
i=320; temp=25.57; pres=956.24; hum=34.2; alt=483.79
i=317; lat=-33.457728; lon=-70.66187; alt=516.223; 2024/7/18 21:3:14

i=316; acc=(-0.97,-0.91,9.91); gyr=(-0.01,0.03,0.0); mag=(-12.6,-2.85,-19.05)
i=326; temp=25.48; pres=956.21; hum=34.39; alt=484.07
i=323; lat=-33.457731; lon=-70.661863; alt=516.067; 2024/7/18 21:3:16

i=321; acc=(-1.0,-0.88,9.9); gyr=(0.0,0.01,-0.0); mag=(-13.2,-3.45,-17.1)
i=331; temp=25.43; pres=956.24; hum=34.64; alt=483.77
i=328; lat=-33.457748; lon=-70.661871; alt=516.077; 2024/7/18 21:3:18

i=326; acc=(-1.06,-0.89,9.97); gyr=(-0.0,0.02,0.0); mag=(-12.75,-1.5,-16.35)
i=337; temp=25.4; pres=956.23; hum=34.53; alt=483.9
i=333; lat=-33.457753; lon=-70.661873; alt=516.041; 2024/7/18 21:3:20

i=332; acc=(-1.08,-0.94,10.0); gyr=(-0.01,0.01,0.0); mag=(-14.1,-3.6,-18.75)
i=342; temp=25.4; pres=956.23; hum=34.75; alt=483.88
i=339; lat=-33.457751; lon=-70.661876; alt=516.081; 2024/7/18 21:3:22

i=337; acc=(-1.05,-0.84,9.9); gyr=(-0.0,0.01,-0.0); mag=(-14.4,-1.65,-16.95)
i=348; temp=25.33; pres=956.17; hum=34.86; alt=484.35
i=344; lat=-33.457758; lon=-70.661878; alt=516.078; 2024/7/18 21:3:23

i=342; acc=(-1.03,-0.85,9.94); gyr=(-0.0,0.0,-0.0); mag=(-13.2,-3.9,-18.15)
i=353; temp=25.3; pres=956.18; hum=34.92; alt=484.28
i=350; lat=-33.457753; lon=-70.661881; alt=515.95; 2024/7/18 21:3:25

i=348; acc=(-1.06,-0.96,10.01); gyr=(-0.01,0.01,0.0); mag=(-14.1,-2.55,-17.7)
i=359; temp=25.26; pres=956.25; hum=34.93; alt=483.68
i=355; lat=-33.457748; lon=-70.66188; alt=515.929; 2024/7/18 21:3:27

i=353; acc=(-1.09,-0.89,9.95); gyr=(-0.01,0.01,-0.0); mag=(-13.95,-3.15,-17.1)
i=364; temp=25.25; pres=956.21; hum=36.17; alt=484.02
i=361; lat=-33.457746; lon=-70.661875; alt=515.885; 2024/7/18 21:3:29

i=358; acc=(-0.95,-0.93,9.88); gyr=(-0.0,0.01,-0.0); mag=(-14.4,-3.6,-18.0)
i=370; temp=25.27; pres=956.2; hum=35.29; alt=484.14
i=366; lat=-33.457768; lon=-70.661866; alt=516.529; 2024/7/18 21:3:31

i=364; acc=(-1.11,-0.92,9.92); gyr=(-0.01,0.01,-0.01); mag=(-15.15,-2.55,-17.25)
i=375; temp=25.27; pres=956.2; hum=35.08; alt=484.13
i=372; lat=-33.457798; lon=-70.661875; alt=517.464; 2024/7/18 21:3:33

i=369; acc=(-1.1,-0.92,10.0); gyr=(-0.01,0.02,-0.0); mag=(-14.7,-3.15,-17.85)
i=381; temp=25.23; pres=956.25; hum=34.91; alt=483.72
i=377; lat=-33.457818; lon=-70.661876; alt=517.893; 2024/7/18 21:3:34

i=374; acc=(-1.04,-0.91,9.89); gyr=(-0.0,0.01,0.0); mag=(-13.65,-1.65,-18.0)
i=386; temp=25.23; pres=956.21; hum=34.92; alt=484.07
i=383; lat=-33.457835; lon=-70.661883; alt=518.284; 2024/7/18 21:3:36

i=380; acc=(-1.03,-0.81,9.77); gyr=(-0.01,-0.01,0.0); mag=(-13.95,-2.25,-15.6)
i=392; temp=25.19; pres=956.2; hum=35.0; alt=484.15
i=388; lat=-33.457825; lon=-70.661876; alt=518.508; 2024/7/18 21:3:38

i=385; acc=(-1.18,-0.85,9.91); gyr=(-0.01,0.02,-0.0); mag=(-14.85,-2.55,-18.3)
i=397; temp=25.2; pres=956.18; hum=34.87; alt=484.25
i=394; lat=-33.457816; lon=-70.661865; alt=518.715; 2024/7/18 21:3:40

i=390; acc=(-0.95,-0.94,9.87); gyr=(0.0,0.0,-0.01); mag=(-12.75,-3.45,-17.85)
i=403; temp=25.25; pres=956.21; hum=34.83; alt=484.03
i=399; lat=-33.457831; lon=-70.661863; alt=518.806; 2024/7/18 21:3:42

i=396; acc=(-1.06,-0.9,9.98); gyr=(-0.01,0.01,-0.01); mag=(-12.15,-2.85,-18.75)
i=408; temp=25.21; pres=956.21; hum=34.93; alt=484.03
i=405; lat=-33.457838; lon=-70.66187; alt=518.88; 2024/7/18 21:3:44

i=401; acc=(-1.11,-0.93,9.96); gyr=(-0.01,0.01,-0.0); mag=(-12.6,-1.65,-18.0)
i=414; temp=25.16; pres=956.23; hum=35.04; alt=483.84
i=410; lat=-33.457843; lon=-70.661875; alt=518.9; 2024/7/18 21:3:45

i=406; acc=(-1.14,-0.93,10.01); gyr=(0.0,0.01,-0.0); mag=(-13.65,-4.05,-18.0)
i=419; temp=25.15; pres=956.19; hum=35.07; alt=484.17
i=416; lat=-33.457845; lon=-70.661873; alt=518.916; 2024/7/18 21:3:47

i=412; acc=(-1.11,-0.86,9.86); gyr=(-0.01,0.02,0.0); mag=(-13.2,-3.9,-17.1)
i=425; temp=25.11; pres=956.17; hum=35.11; alt=484.41
i=421; lat=-33.45786; lon=-70.661866; alt=519.01; 2024/7/18 21:3:49

